table19,Households,Non-Financial Corporations,Financial Corporations,General Government,External,Total
Households,7649.029778131832,14125.445745246709,23258.27021710514,10448.484240167314,13126.286415745326,68607.51639639631
Non-Financial Corporations,22500.84247076796,55631.468767224156,34871.961867059166,45861.82467398325,32681.893228821064,191547.9910078556
Financial Corporations,72983.16874581476,36701.319127049355,-27706.65524272014,-25528.407422243265,-25444.281352222595,31005.143855678092
General Government,45912.95170899301,12989.995647650581,10806.697270971861,7700.6193930780055,-39491.58661097149,37918.67740972196
External,32778.270931537976,-16207.228792479087,-26955.254184752434,-28845.11662395844,-4.150352479227737e-13,-39229.32866965199
Total,181824.26363524553,103241.00049469172,14275.01992766359,9637.404261026855,-19127.688318627694,289850.0
